[{"ID":1,"ArtifactCount":1,"TreasureCount":1},{"ID":2,"ArtifactCount":2,"TreasureCount":3},{"ID":3,"ArtifactCount":3,"TreasureCount":7},{"ID":4,"ArtifactCount":4,"TreasureCount":13},{"ID":5,"ArtifactCount":5,"TreasureCount":22},{"ID":6,"ArtifactCount":6,"TreasureCount":36},{"ID":7,"ArtifactCount":7,"TreasureCount":57},{"ID":8,"ArtifactCount":8,"TreasureCount":88},{"ID":9,"ArtifactCount":9,"TreasureCount":134},{"ID":10,"ArtifactCount":10,"TreasureCount":201},{"ID":11,"ArtifactCount":11,"TreasureCount":298},{"ID":12,"ArtifactCount":12,"TreasureCount":439},{"ID":13,"ArtifactCount":13,"TreasureCount":643},{"ID":14,"ArtifactCount":14,"TreasureCount":934},{"ID":15,"ArtifactCount":15,"TreasureCount":1350},{"ID":16,"ArtifactCount":16,"TreasureCount":1970},{"ID":17,"ArtifactCount":17,"TreasureCount":2790},{"ID":18,"ArtifactCount":18,"TreasureCount":3990},{"ID":19,"ArtifactCount":19,"TreasureCount":5680},{"ID":20,"ArtifactCount":20,"TreasureCount":8080}]