[{"ID":1,"Name":"두개골 파괴자","Desc":"{Value}% 탭 대미지, {damageMultiplier}% 대미지 합계\n레벨이 오를 때마다 {Value}% 탭 대미지, {damageMultipleGrowth}% 대미지 합계","Icon":"","costGrowth":3,"maxLevel":99,"damageMultiplier":0.6,"damageMultipleGrowth":0.3,"statType":"tapDamage","Value":0.02,"valueGrowth":0.02},{"ID":2,"Name":"마법사의 돌","Desc":"{Value}% 몬스터 HP, {damageMultiplier}% 대미지 합계\n레벨이 오를 때마다 {Value}% 몬스터 HP (최대 -25%}, {damageMultipleGrowth}% 대미지 합계 (최대 750%}","Icon":"","costGrowth":5,"maxLevel":5,"damageMultiplier":3,"damageMultipleGrowth":1.5,"statType":"decreaseMonsterHP","Value":-0.05,"valueGrowth":-0.05},{"ID":3,"Name":"영웅의 일격","Desc":"{Value}% 크리티컬 대미지, {damageMultiplier}% 대미지 합계\n레벨이 오를 때마다 {Value}% 크리티컬 대미지, {damageMultipleGrowth}% 대미지 합계","Icon":"","costGrowth":3,"maxLevel":99,"damageMultiplier":0.3,"damageMultipleGrowth":0.15,"statType":"criticalDamage","Value":0.2,"valueGrowth":0.2},{"ID":4,"Name":"죽음 추적자","Desc":"{Value}% 크리티컬 확률, {damageMultiplier}% 대미지 합계\n레벨이 오를 때마다 {Value}% 크리티컬 확률(최대 +50%},{damageMultipleGrowth}% 대미지 합계(최대 +390%}","Icon":"","costGrowth":4,"maxLevel":25,"damageMultiplier":0.3,"damageMultipleGrowth":0.15,"statType":"criticalProbability","Value":0.02,"valueGrowth":0.02},{"ID":5,"Name":"급속성장의 포션","Desc":"{Value}% 공격속도, {damageMultiplier}% 대미지 합계\n레벨이 오를 때마다 {Value}% 공격속도, {damageMultipleGrowth}% 대미지 합계","Icon":"","costGrowth":4,"maxLevel":99,"damageMultiplier":0.1,"damageMultipleGrowth":0.06,"statType":"autoAttackSpeed","Value":0.05,"valueGrowth":0.05},{"ID":6,"Name":"성스러운 오라","Desc":"{Value}% 환생 시 보물 획득, {damageMultiplier}% 대미지 합계\n레벨이 오를 때마다 {Value}% 환생시 보물 획득,{damageMultipleGrowth}% 대미지 합계","Icon":"","costGrowth":3,"maxLevel":99,"damageMultiplier":0.3,"damageMultipleGrowth":0.15,"statType":"rebornTreasure","Value":0.05,"valueGrowth":0.05},{"ID":7,"Name":"용사의 방패","Desc":"{Value}% 보스 처치 시 골드, {damageMultiplier}% 대미지 합계\n레벨이 오를 때마다 {Value}% 보스 처치 시 골드, {damageMultipleGrowth}% 대미지 합계","Icon":"","costGrowth":3,"maxLevel":99,"damageMultiplier":0.6,"damageMultipleGrowth":0.3,"statType":"bossGold","Value":1,"valueGrowth":1},{"ID":8,"Name":"장인의 엘릭서","Desc":"{Value}% 모든 골드 획득, {damageMultiplier}% 대미지 합계\n레벨이 오를 때마다 {Value}% 모든 골드 획득, {damageMultipleGrowth}% 대미지 합계","Icon":"","costGrowth":3,"maxLevel":99,"damageMultiplier":0.4,"damageMultipleGrowth":0.2,"statType":"totalGoldPercent","Value":0.15,"valueGrowth":0.15},{"ID":9,"Name":"경이의 반지","Desc":"{Value}% 레벨업 비용, {damageMultiplier}% 대미지 합계\n레벨이 오를 때마다 {Value}% 레벨업 비용, {damageMultipleGrowth}% 대미지 합계","Icon":"","costGrowth":5,"maxLevel":25,"damageMultiplier":0.3,"damageMultipleGrowth":0.15,"statType":"decreaseUpgradeCost","Value":-0.02,"valueGrowth":-0.02},{"ID":10,"Name":"분노의 도끼","Desc":"{Value}% 몬스터 이터 지속시간, {damageMultiplier}% 대미지 합계\n레벨이 오를 때마다 {Value}% 몬스터 이터 지속시간, {damageMultipleGrowth}% 대미지 합계","Icon":"","costGrowth":3,"maxLevel":99,"damageMultiplier":0.6,"damageMultipleGrowth":0.3,"statType":"monsterEaterDuration","Value":0.1,"valueGrowth":0.1},{"ID":11,"Name":"야만인의 열기","Desc":"{Value}% 몬스터 이터 쿨타임, {damageMultiplier}% 대미지 합계\n레벨이 오를 때마다 -{Value}% 몬스터 이터 지속시간, {damageMultipleGrowth}% 대미지 합계","Icon":"","costGrowth":4,"maxLevel":10,"damageMultiplier":0.6,"damageMultipleGrowth":0.3,"statType":"decreaseMonsterEaterCoolTime","Value":-0.05,"valueGrowth":-0.05},{"ID":12,"Name":"행운의 슬라임","Desc":"{Value}% 일반 몬스터 처치 시 골드, {damageMultiplier}% 대미지 합계\n레벨이 오를 때마다 {Value}% 일반 몬스터 처치 시 골드, {damageMultipleGrowth}% 대미지 합계","Icon":"","costGrowth":2,"maxLevel":99,"damageMultiplier":0.3,"damageMultipleGrowth":0.15,"statType":"normalGoldPercent","Value":0.05,"valueGrowth":0.05},{"ID":13,"Name":"신성의 성배","Desc":"{Value}% 일반 몬스터 처치 시 골드 10배, {damageMultiplier}% 대미지 합계\n레벨이 오를 때마다 {Value}% 일반 몬스터 처치 시 골드 10배, {damageMultipleGrowth}% 대미지 합계","Icon":"","costGrowth":2,"maxLevel":99,"damageMultiplier":0.33,"damageMultipleGrowth":0.17,"statType":"getGoldTenTimesProbability","Value":0.005,"valueGrowth":0.005},{"ID":14,"Name":"구원의 방패","Desc":"{Value}% 보스 처치 시간, {damageMultiplier}% 대미지 합계\n레벨이 오를 때마다 {Value}% 보스 처치 시간, {damageMultipleGrowth}% 대미지 합계","Icon":"","costGrowth":5,"maxLevel":25,"damageMultiplier":0.3,"damageMultipleGrowth":0.15,"statType":"increaseBossTime","Value":0.1,"valueGrowth":0.1},{"ID":15,"Name":"생명의 망토","Desc":"{Value}% 보스 HP, {damageMultiplier}% 대미지 합계\n레벨이 오를 때마다 {Value}% 보스 HP, {damageMultipleGrowth}% 대미지 합계","Icon":"","costGrowth":5,"maxLevel":25,"damageMultiplier":0.3,"damageMultipleGrowth":0.15,"statType":"decreaseBossHP","Value":-0.02,"valueGrowth":-0.02},{"ID":16,"Name":"슬라임 왕관","Desc":"{Value}% 무기 획득 확률, {damageMultiplier}% 대미지 합계\n레벨이 오를 때마다 {Value}% 무기 획득 확률, {damageMultipleGrowth}% 대미지 합계","Icon":"","costGrowth":6,"maxLevel":10,"damageMultiplier":0.4,"damageMultipleGrowth":0.2,"statType":"increaseWeaponGetProbability","Value":0.05,"valueGrowth":0.05},{"ID":18,"Name":"신성한 방패","Desc":"{Value}% 파워 슬래시 쿨타임, {damageMultiplier}% 대미지 합계\n레벨이 오를 때마다 {Value}% 파워 슬래시 쿨타임, {damageMultipleGrowth}% 대미지 합계","Icon":"","costGrowth":5,"maxLevel":10,"damageMultiplier":0.4,"damageMultipleGrowth":0.2,"statType":"decreasePowerSlashCooTime","Value":-0.05,"valueGrowth":-0.05}]