[{"ID":1,"Stage":90,"Treasure":1,"Fame":1},{"ID":2,"Stage":105,"Treasure":4,"Fame":1},{"ID":3,"Stage":120,"Treasure":7,"Fame":1},{"ID":4,"Stage":135,"Treasure":11,"Fame":2},{"ID":5,"Stage":150,"Treasure":16,"Fame":2},{"ID":6,"Stage":165,"Treasure":22,"Fame":2},{"ID":7,"Stage":180,"Treasure":28,"Fame":3},{"ID":8,"Stage":195,"Treasure":35,"Fame":3},{"ID":9,"Stage":210,"Treasure":42,"Fame":3},{"ID":10,"Stage":225,"Treasure":51,"Fame":4},{"ID":11,"Stage":240,"Treasure":59,"Fame":4},{"ID":12,"Stage":255,"Treasure":69,"Fame":4},{"ID":13,"Stage":270,"Treasure":79,"Fame":5},{"ID":14,"Stage":285,"Treasure":89,"Fame":5},{"ID":15,"Stage":300,"Treasure":100,"Fame":5},{"ID":16,"Stage":315,"Treasure":112,"Fame":6},{"ID":17,"Stage":330,"Treasure":124,"Fame":6},{"ID":18,"Stage":345,"Treasure":137,"Fame":6},{"ID":19,"Stage":360,"Treasure":150,"Fame":7},{"ID":20,"Stage":375,"Treasure":163,"Fame":7},{"ID":21,"Stage":390,"Treasure":177,"Fame":7},{"ID":22,"Stage":405,"Treasure":192,"Fame":8},{"ID":23,"Stage":420,"Treasure":207,"Fame":8},{"ID":24,"Stage":435,"Treasure":223,"Fame":8},{"ID":25,"Stage":450,"Treasure":238,"Fame":9},{"ID":26,"Stage":465,"Treasure":255,"Fame":9},{"ID":27,"Stage":480,"Treasure":272,"Fame":9},{"ID":28,"Stage":495,"Treasure":289,"Fame":10},{"ID":29,"Stage":510,"Treasure":307,"Fame":10},{"ID":30,"Stage":525,"Treasure":325,"Fame":10},{"ID":31,"Stage":540,"Treasure":344,"Fame":11},{"ID":32,"Stage":555,"Treasure":363,"Fame":11},{"ID":33,"Stage":570,"Treasure":382,"Fame":11},{"ID":34,"Stage":585,"Treasure":402,"Fame":12},{"ID":35,"Stage":600,"Treasure":422,"Fame":12},{"ID":36,"Stage":615,"Treasure":443,"Fame":12},{"ID":37,"Stage":630,"Treasure":464,"Fame":13},{"ID":38,"Stage":645,"Treasure":485,"Fame":13},{"ID":39,"Stage":660,"Treasure":507,"Fame":13},{"ID":40,"Stage":675,"Treasure":530,"Fame":14},{"ID":41,"Stage":690,"Treasure":552,"Fame":14},{"ID":42,"Stage":705,"Treasure":575,"Fame":14},{"ID":43,"Stage":720,"Treasure":599,"Fame":15},{"ID":44,"Stage":735,"Treasure":623,"Fame":15},{"ID":45,"Stage":750,"Treasure":647,"Fame":15},{"ID":46,"Stage":765,"Treasure":671,"Fame":16},{"ID":47,"Stage":780,"Treasure":696,"Fame":16},{"ID":48,"Stage":795,"Treasure":722,"Fame":16},{"ID":49,"Stage":810,"Treasure":748,"Fame":17},{"ID":50,"Stage":825,"Treasure":774,"Fame":17},{"ID":51,"Stage":840,"Treasure":800,"Fame":17},{"ID":52,"Stage":855,"Treasure":827,"Fame":18},{"ID":53,"Stage":870,"Treasure":854,"Fame":18},{"ID":54,"Stage":885,"Treasure":882,"Fame":18},{"ID":55,"Stage":900,"Treasure":910,"Fame":19},{"ID":56,"Stage":915,"Treasure":938,"Fame":19},{"ID":57,"Stage":930,"Treasure":967,"Fame":19},{"ID":58,"Stage":945,"Treasure":996,"Fame":20},{"ID":59,"Stage":960,"Treasure":1025,"Fame":20},{"ID":60,"Stage":975,"Treasure":1055,"Fame":20},{"ID":61,"Stage":990,"Treasure":1085,"Fame":21},{"ID":62,"Stage":1005,"Treasure":1115,"Fame":21},{"ID":63,"Stage":1020,"Treasure":1146,"Fame":21},{"ID":64,"Stage":1035,"Treasure":1177,"Fame":22},{"ID":65,"Stage":1050,"Treasure":1208,"Fame":22},{"ID":66,"Stage":1065,"Treasure":1240,"Fame":22},{"ID":67,"Stage":1080,"Treasure":1272,"Fame":23},{"ID":68,"Stage":1095,"Treasure":1304,"Fame":23},{"ID":69,"Stage":1110,"Treasure":1337,"Fame":23},{"ID":70,"Stage":1125,"Treasure":1370,"Fame":24},{"ID":71,"Stage":1140,"Treasure":1404,"Fame":24},{"ID":72,"Stage":1155,"Treasure":1438,"Fame":24},{"ID":73,"Stage":1170,"Treasure":1472,"Fame":25},{"ID":74,"Stage":1185,"Treasure":1506,"Fame":25},{"ID":75,"Stage":1200,"Treasure":1541,"Fame":25}]