[{"ID":1,"Name":"파워 슬래시","Desc":"탭 당 공격력의 {Value}배에 해당하는 대미지를 한번에 준다.","Icon":"Icon/Skill/PowerSlash","Type":"powerSlash","Value":100,"valueGrowth":10,"coolTime":1800,"duration":3},{"ID":2,"Name":"몬스터 이터","Desc":"탭 당 대미지가 일정시간 동안 {Value}배 증가한다.","Icon":"Icon/Skill/MonsterEater","Type":"monsterEater","Value":3,"valueGrowth":2,"coolTime":3600,"duration":30},{"ID":3,"Name":"그림자 분신술","Desc":"일정 시간 동안 탭 당 대미지의 {Value}배에 해당하는 대미지를 자동으로 주는 분신을 소환한다.","Icon":"","Type":"shadowClone","Value":3,"valueGrowth":1.5,"coolTime":3600,"duration":20}]