[{"ID":1,"statType":"tapDamage","Desc":"탭 당 공격력","Funtest":"O"},{"ID":2,"statType":"autoAttackDamage","Desc":"자동 공격력","Funtest":"O"},{"ID":3,"statType":"autoAttackSpeed","Desc":"자동 공격 속도 증가","Funtest":"O"},{"ID":4,"statType":"autoAttackSpeedPercent","Desc":"자동 공격 속도 % 증가","Funtest":"O"},{"ID":5,"statType":"criticalProbability","Desc":"치명타 확률 증가","Funtest":"O"},{"ID":6,"statType":"criticalDamage","Desc":"치명타 피해 증가","Funtest":"O"},{"ID":7,"statType":"totalGold","Desc":"전체 골드 획득량 증가","Funtest":"O"},{"ID":8,"statType":"normalGold","Desc":"일반 몬스터 골드 획득량 증가","Funtest":"O"},{"ID":9,"statType":"bossGold","Desc":"보스몬스터 골드 획득량 증가","Funtest":"O"},{"ID":10,"statType":"totalGoldPercent","Desc":"전체 골드 획득량 % 증가","Funtest":"O"},{"ID":11,"statType":"normalGoldPercent","Desc":"일반 몬스터 골드 획득량 % 증가","Funtest":"O"},{"ID":12,"statType":"bossGoldPercent","Desc":"보스몬스터 골드 획득량 % 증가","Funtest":"O"},{"ID":13,"statType":"normalMonsterDamage","Desc":"일반 몬스터 대미지 증가","Funtest":"O"},{"ID":14,"statType":"bossMonsterDamage","Desc":"보스 몬스터 대미지 증가","Funtest":"O"},{"ID":15,"statType":"normalMonsterDamagePercent","Desc":"일반 몬스터 대미지 % 증가","Funtest":"O"},{"ID":16,"statType":"bossMonsterDamagePercent","Desc":"보스 몬스터 대미지 % 증가","Funtest":"O"},{"ID":17,"statType":"autoDamagePercent","Desc":"자동 공격력 % 증가","Funtest":"O"},{"ID":18,"statType":"tapDamagePercent","Desc":"탭 당 공격력 % 증가","Funtest":"O"},{"ID":19,"statType":"decreaseMonsterHP","Desc":"몬스터 체력 감소","Funtest":""},{"ID":20,"statType":"rebornTreasure","Desc":"환생 시 보물 획득량 증가","Funtest":""},{"ID":21,"statType":"decreaseUpgradeCost","Desc":"영웅 레벨 업 비용 감소","Funtest":""},{"ID":22,"statType":"monsterEaterDuration","Desc":"스킬 \"몬스터 이터\" 지속 시간 증가","Funtest":""},{"ID":23,"statType":"decreaseMonsterEaterCoolTime","Desc":"스킬 \"몬스터 이터\" 쿨타임 감소","Funtest":""},{"ID":24,"statType":"getGoldTenTimesProbability","Desc":"일반 몬스터 처치 시 10배의 골드를 획득할 확률","Funtest":""},{"ID":25,"statType":"increaseBossTime","Desc":"보스 처치 시간 증가","Funtest":""},{"ID":26,"statType":"decreaseBossHP","Desc":"보스 체력 감소","Funtest":""},{"ID":27,"statType":"increaseWeaponGetProbability","Desc":"무기 획득 확률 증가","Funtest":""},{"ID":28,"statType":"decreasePowerSlashCoolTime","Desc":"스킬 \"파워 슬래시\" 쿨타임 감소","Funtest":""},{"ID":29,"statType":"damageMultiplyer","Desc":"전체 대미지 증가","Funtest":""}]