[{"ID":1,"Name":"자동 공격 속도 증가","statType":"autoAttackSpeed","minCommon":1,"maxCommon":3,"growthCommon":1,"minUncommon":2,"maxUncommon":4,"growthUncommon":1,"minRare":3,"maxRare":6,"growthRare":1,"minLegend":4,"maxLegend":8,"growthLegend":2,"minMythic":5,"maxMythic":10,"growthMythic":2},{"ID":2,"Name":"자동 공격 속도 % 증가","statType":"autoAttackSpeedPercent","minCommon":0.01,"maxCommon":0.05,"growthCommon":0.02,"minUncommon":0.03,"maxUncommon":0.06,"growthUncommon":0.03,"minRare":0.05,"maxRare":0.08,"growthRare":0.04,"minLegend":0.07,"maxLegend":0.12,"growthLegend":0.05,"minMythic":0.1,"maxMythic":0.15,"growthMythic":0.06},{"ID":3,"Name":"치명타 확률 증가","statType":"criticalProbability","minCommon":0.05,"maxCommon":0.08,"growthCommon":0.01,"minUncommon":0.08,"maxUncommon":0.1,"growthUncommon":0.01,"minRare":0.1,"maxRare":0.15,"growthRare":0.02,"minLegend":0.15,"maxLegend":0.2,"growthLegend":0.02,"minMythic":0.3,"maxMythic":0.45,"growthMythic":0.03},{"ID":4,"Name":"치명타 피해 증가","statType":"criticalDamage","minCommon":1,"maxCommon":1.5,"growthCommon":0.1,"minUncommon":1.3,"maxUncommon":1.7,"growthUncommon":0.1,"minRare":1.5,"maxRare":2,"growthRare":0.15,"minLegend":2,"maxLegend":2.5,"growthLegend":0.15,"minMythic":2.5,"maxMythic":3.5,"growthMythic":0.2},{"ID":5,"Name":"전체 골드 획득량 증가","statType":"totalGold","minCommon":1.1,"maxCommon":1.2,"growthCommon":0.05,"minUncommon":1.2,"maxUncommon":1.5,"growthUncommon":0.05,"minRare":1.5,"maxRare":1.8,"growthRare":0.1,"minLegend":1.8,"maxLegend":2.5,"growthLegend":0.1,"minMythic":2.5,"maxMythic":3,"growthMythic":0.15},{"ID":6,"Name":"일반 몬스터 골드 획득량 증가","statType":"normalGold","minCommon":2,"maxCommon":2.5,"growthCommon":0.1,"minUncommon":2.3,"maxUncommon":2.7,"growthUncommon":0.1,"minRare":2.7,"maxRare":3.2,"growthRare":0.15,"minLegend":2.9,"maxLegend":3.5,"growthLegend":0.15,"minMythic":3.4,"maxMythic":4,"growthMythic":0.2},{"ID":7,"Name":"보스몬스터 골드 획득량 증가","statType":"bossGold","minCommon":3,"maxCommon":3.5,"growthCommon":0.25,"minUncommon":3.3,"maxUncommon":3.7,"growthUncommon":0.25,"minRare":3.7,"maxRare":4.2,"growthRare":0.5,"minLegend":3.9,"maxLegend":4.5,"growthLegend":0.5,"minMythic":4.4,"maxMythic":5,"growthMythic":0.75},{"ID":8,"Name":"전체 골드 획득량 % 증가","statType":"totalGoldPercent","minCommon":1.01,"maxCommon":1.05,"growthCommon":0.01,"minUncommon":1.03,"maxUncommon":1.06,"growthUncommon":0.01,"minRare":1.05,"maxRare":1.08,"growthRare":0.02,"minLegend":1.07,"maxLegend":1.12,"growthLegend":0.02,"minMythic":1.1,"maxMythic":1.15,"growthMythic":0.05},{"ID":9,"Name":"일반 몬스터 골드 획득량 % 증가","statType":"normalGoldPercent","minCommon":1.05,"maxCommon":1.08,"growthCommon":0.02,"minUncommon":1.08,"maxUncommon":1.1,"growthUncommon":0.02,"minRare":1.1,"maxRare":1.15,"growthRare":0.04,"minLegend":1.15,"maxLegend":1.2,"growthLegend":0.04,"minMythic":1.3,"maxMythic":1.45,"growthMythic":0.06},{"ID":10,"Name":"보스몬스터 골드 획득량 % 증가","statType":"bossGoldPercent","minCommon":1.05,"maxCommon":1.08,"growthCommon":0.02,"minUncommon":1.08,"maxUncommon":1.1,"growthUncommon":0.02,"minRare":1.1,"maxRare":1.15,"growthRare":0.04,"minLegend":1.15,"maxLegend":1.2,"growthLegend":0.04,"minMythic":1.3,"maxMythic":1.45,"growthMythic":0.06},{"ID":11,"Name":"일반 몬스터 대미지 증가","statType":"normalMonsterDamage","minCommon":1.1,"maxCommon":1.5,"growthCommon":0.1,"minUncommon":1.3,"maxUncommon":1.7,"growthUncommon":0.1,"minRare":1.5,"maxRare":2,"growthRare":0.15,"minLegend":2,"maxLegend":2.5,"growthLegend":0.15,"minMythic":2.5,"maxMythic":3.5,"growthMythic":0.2},{"ID":12,"Name":"보스 몬스터 대미지 증가","statType":"bossMonsterDamage","minCommon":1.1,"maxCommon":1.5,"growthCommon":0.15,"minUncommon":1.3,"maxUncommon":1.7,"growthUncommon":0.15,"minRare":1.5,"maxRare":2,"growthRare":0.2,"minLegend":2,"maxLegend":2.5,"growthLegend":0.2,"minMythic":2.5,"maxMythic":3.5,"growthMythic":0.25},{"ID":13,"Name":"일반 몬스터 대미지 % 증가","statType":"normalMonsterDamagePercent","minCommon":1.01,"maxCommon":1.05,"growthCommon":0.05,"minUncommon":1.03,"maxUncommon":1.06,"growthUncommon":0.05,"minRare":1.05,"maxRare":1.08,"growthRare":0.1,"minLegend":1.07,"maxLegend":1.12,"growthLegend":0.1,"minMythic":1.1,"maxMythic":1.15,"growthMythic":0.15},{"ID":14,"Name":"보스 몬스터 대미지 % 증가","statType":"bossMonsterDamagePercent","minCommon":1.01,"maxCommon":1.05,"growthCommon":0.05,"minUncommon":1.03,"maxUncommon":1.06,"growthUncommon":0.05,"minRare":1.05,"maxRare":1.08,"growthRare":0.1,"minLegend":1.07,"maxLegend":1.12,"growthLegend":0.1,"minMythic":1.1,"maxMythic":1.15,"growthMythic":0.15},{"ID":15,"Name":"자동 공격력 % 증가","statType":"autoDamagePercent","minCommon":0.01,"maxCommon":0.05,"growthCommon":0.01,"minUncommon":0.03,"maxUncommon":0.06,"growthUncommon":0.01,"minRare":0.05,"maxRare":0.08,"growthRare":0.15,"minLegend":0.07,"maxLegend":0.12,"growthLegend":0.15,"minMythic":0.1,"maxMythic":0.15,"growthMythic":0.2},{"ID":16,"Name":"탭 당 공격력 % 증가","statType":"tapDamagePercent","minCommon":0.01,"maxCommon":0.05,"growthCommon":0.01,"minUncommon":0.03,"maxUncommon":0.06,"growthUncommon":0.01,"minRare":0.05,"maxRare":0.08,"growthRare":0.15,"minLegend":0.07,"maxLegend":0.12,"growthLegend":0.15,"minMythic":0.1,"maxMythic":0.15,"growthMythic":0.2}]