[{"ID":1,"Name":"낡은 장검","Desc":"녹이 슨 평범한 검","Rank":0,"specialAbilityType":"","specialAbilityValue":"","autoAttackDamage":8,"autoAttackDamageGrowth":2,"tapDamage":1,"tapDamageGrowth":2,"growthCost":1,"growthCostChange":1},{"ID":2,"Name":"무딘 철도끼","Desc":"무겁고 잘 들리지 않는 도끼","Rank":0,"specialAbilityType":"","specialAbilityValue":"","autoAttackDamage":5,"autoAttackDamageGrowth":4,"tapDamage":3,"tapDamageGrowth":4,"growthCost":1,"growthCostChange":1},{"ID":3,"Name":"훈련용 창","Desc":"초보 병사들이 쓰는 보급품","Rank":0,"specialAbilityType":"","specialAbilityValue":"","autoAttackDamage":10,"autoAttackDamageGrowth":1,"tapDamage":5,"tapDamageGrowth":1,"growthCost":1,"growthCostChange":1},{"ID":4,"Name":"청동 단검","Desc":"싸구려 재질의 흔한 단검","Rank":0,"specialAbilityType":"","specialAbilityValue":"","autoAttackDamage":4,"autoAttackDamageGrowth":5,"tapDamage":2,"tapDamageGrowth":5,"growthCost":1,"growthCostChange":1},{"ID":5,"Name":"빛나는 장검","Desc":"잘 연마된 검","Rank":1,"specialAbilityType":"","specialAbilityValue":"","autoAttackDamage":15,"autoAttackDamageGrowth":3,"tapDamage":6,"tapDamageGrowth":3,"growthCost":2,"growthCostChange":3},{"ID":6,"Name":"강철 전투도끼","Desc":"강철로 단조된 무거운 도끼","Rank":1,"specialAbilityType":"","specialAbilityValue":"","autoAttackDamage":8,"autoAttackDamageGrowth":5,"tapDamage":8,"tapDamageGrowth":5,"growthCost":2,"growthCostChange":3},{"ID":7,"Name":"군용 장창","Desc":"군에서 지급되는 표준 장창","Rank":1,"specialAbilityType":"","specialAbilityValue":"","autoAttackDamage":16,"autoAttackDamageGrowth":2,"tapDamage":10,"tapDamageGrowth":2,"growthCost":2,"growthCostChange":3},{"ID":8,"Name":"은빛 단검","Desc":"은으로 제련된 날카로운 단검","Rank":1,"specialAbilityType":"","specialAbilityValue":"","autoAttackDamage":8,"autoAttackDamageGrowth":6,"tapDamage":5,"tapDamageGrowth":6,"growthCost":2,"growthCostChange":3},{"ID":9,"Name":"폭풍의 장검","Desc":"푸른 전격이 칼날을 감싼다","Rank":2,"specialAbilityType":"","specialAbilityValue":"","autoAttackDamage":20,"autoAttackDamageGrowth":4,"tapDamage":8,"tapDamageGrowth":9,"growthCost":3,"growthCostChange":5},{"ID":10,"Name":"화염 전투도끼","Desc":"불길이 일렁이는 도끼","Rank":2,"specialAbilityType":"","specialAbilityValue":"","autoAttackDamage":10,"autoAttackDamageGrowth":6,"tapDamage":10,"tapDamageGrowth":6,"growthCost":3,"growthCostChange":5},{"ID":11,"Name":"바람의 창","Desc":"바람을 가르는 장창","Rank":2,"specialAbilityType":"","specialAbilityValue":"","autoAttackDamage":18,"autoAttackDamageGrowth":3,"tapDamage":12,"tapDamageGrowth":3,"growthCost":3,"growthCostChange":5},{"ID":12,"Name":"그림자 단검","Desc":"검은 안개가 흐르는 단검","Rank":2,"specialAbilityType":"","specialAbilityValue":"","autoAttackDamage":10,"autoAttackDamageGrowth":7,"tapDamage":7,"tapDamageGrowth":7,"growthCost":3,"growthCostChange":5},{"ID":13,"Name":"심판의 성검","Desc":"칼날이 빛을 발하며 악을 꿰뚫는다","Rank":3,"specialAbilityType":"","specialAbilityValue":"","autoAttackDamage":30,"autoAttackDamageGrowth":8,"tapDamage":16,"tapDamageGrowth":12,"growthCost":4,"growthCostChange":7},{"ID":14,"Name":"불멸의 전쟁도끼","Desc":"불길 속에서 꺼내진 전쟁의 도끼","Rank":3,"specialAbilityType":"","specialAbilityValue":"","autoAttackDamage":15,"autoAttackDamageGrowth":8,"tapDamage":12,"tapDamageGrowth":8,"growthCost":4,"growthCostChange":7},{"ID":15,"Name":"폭풍창","Desc":"폭풍의 정령이 깃든 장창","Rank":3,"specialAbilityType":"","specialAbilityValue":"","autoAttackDamage":25,"autoAttackDamageGrowth":6,"tapDamage":15,"tapDamageGrowth":7,"growthCost":4,"growthCostChange":7},{"ID":16,"Name":"암살자의 송곳니","Desc":"그림자 속에서 목숨을 빼앗던 전설의 단검","Rank":3,"specialAbilityType":"","specialAbilityValue":"","autoAttackDamage":15,"autoAttackDamageGrowth":9,"tapDamage":10,"tapDamageGrowth":9,"growthCost":4,"growthCostChange":7},{"ID":17,"Name":"창조신의 성검","Desc":"최초의 빛으로 세상을 가른 검","Rank":4,"specialAbilityType":"immediateEnemyKill","specialAbilityValue":0.01,"autoAttackDamage":40,"autoAttackDamageGrowth":15,"tapDamage":20,"tapDamageGrowth":15,"growthCost":5,"growthCostChange":10},{"ID":18,"Name":"운명의 절단기","Desc":"한 번 베이면, 그 존재의 운명이 결정된다.","Rank":4,"specialAbilityType":"criticalAdditionalDamage","specialAbilityValue":0.05,"autoAttackDamage":20,"autoAttackDamageGrowth":10,"tapDamage":16,"tapDamageGrowth":12,"growthCost":5,"growthCostChange":10},{"ID":19,"Name":"시간을 가르는 창","Desc":"간의 흐름을 찢어버리는 창","Rank":4,"specialAbilityType":"coolTimeReset","specialAbilityValue":0.01,"autoAttackDamage":30,"autoAttackDamageGrowth":15,"tapDamage":20,"tapDamageGrowth":10,"growthCost":5,"growthCostChange":10},{"ID":20,"Name":"심연의 칼날","Desc":"심연에서 태어난 단검","Rank":4,"specialAbilityType":"execution","specialAbilityValue":0.05,"autoAttackDamage":20,"autoAttackDamageGrowth":8,"tapDamage":20,"tapDamageGrowth":9,"growthCost":5,"growthCostChange":10}]